{"stats":{"minecraft:mined":{"minecraft:spruce_leaves":6,"minecraft:spruce_log":3},"minecraft:picked_up":{"minecraft:spruce_sapling":1,"minecraft:spruce_log":3},"minecraft:crafted":{"minecraft:crafting_table":1,"minecraft:spruce_planks":12,"minecraft:stick":4},"minecraft:custom":{"minecraft:jump":20,"minecraft:time_since_rest":2186,"minecraft:play_time":2186,"minecraft:walk_one_cm":2545,"minecraft:crouch_one_cm":337,"minecraft:leave_game":3,"minecraft:sprint_one_cm":2243,"minecraft:time_since_death":2186,"minecraft:sneak_time":237,"minecraft:total_world_time":2186,"minecraft:fall_one_cm":269,"minecraft:fly_one_cm":1953}},"DataVersion":3953}