{"stats":{"minecraft:used":{"minecraft:elytra":2,"minecraft:firework_rocket":72},"minecraft:custom":{"minecraft:time_since_rest":8746,"minecraft:damage_dealt":1400,"minecraft:leave_game":4,"minecraft:play_time":8746,"minecraft:time_since_death":8746,"minecraft:sprint_one_cm":20022,"minecraft:walk_one_cm":18224,"minecraft:walk_on_water_one_cm":1199,"minecraft:walk_under_water_one_cm":4530,"minecraft:total_world_time":8746,"minecraft:damage_resisted":2897,"minecraft:mob_kills":9,"minecraft:fall_one_cm":1320,"minecraft:fly_one_cm":39510,"minecraft:aviate_one_cm":643270,"minecraft:jump":124},"minecraft:picked_up":{"minecraft:bone":3,"minecraft:arrow":3,"minecraft:rotten_flesh":6},"minecraft:killed":{"minecraft:zombie":4,"minecraft:skeleton":4}},"DataVersion":3953}