{"stats":{"minecraft:used":{"minecraft:elytra":1,"minecraft:firework_rocket":64},"minecraft:custom":{"minecraft:jump":29,"minecraft:time_since_rest":3858,"minecraft:damage_dealt":216,"minecraft:leave_game":1,"minecraft:play_time":3858,"minecraft:sprint_one_cm":3046,"minecraft:walk_on_water_one_cm":868,"minecraft:time_since_death":3858,"minecraft:walk_one_cm":4090,"minecraft:walk_under_water_one_cm":4530,"minecraft:total_world_time":3858,"minecraft:fly_one_cm":10876,"minecraft:aviate_one_cm":535320}},"DataVersion":3953}